X1,X2,X3,X4,X5,X6,X7,X8
1.945904151,13.20075051,0,0.011959799,1.162430605,7.885771965,0,0.001507538
1.589702682,10.77969876,0,0.006633166,1.283699255,8.704703985,0,0.00281407
1.716316063,11.63561607,0,0.008341709,1.192462952,8.084199276,0,0.001809045
1.392864898,9.355757945,0,0.004020101,1.10068903,7.393236882,0,9.05E-04
1.823517388,12.44421542,0,0.010150754,1.159883209,7.91538189,0,0.001507538
1.361957958,9.306655289,0,0.003718593,2.074653442,14.17671105,0,0.014371859
1.663545841,11.11438258,0,0.007638191,1.200769,8.022505738,0,0.001909548
1.754950732,11.74166939,0,0.008944724,1.067808385,7.144276359,0,6.03E-04
1.953815299,13.26074369,0,0.012361809,1.392526986,9.451222669,0,0.004120603
1.613190229,10.90973858,0,0.006834171,1.100945078,7.445509386,0,9.05E-04
1.783417326,11.99099839,0,0.009246231,1.289827112,8.672291445,0,0.00281407
1.768010695,11.96513335,0,0.009246231,1.099074494,7.438061841,0,9.05E-04
2.039673556,13.82827119,0,0.013467337,1.241947703,8.419969749,0,0.002311558
1.511529724,10.20359917,0,0.005427136,1,6.750511758,0,0
1.794986003,12.13366424,0,0.009547739,1.141954335,7.719330654,0,0.001306533
1.713713849,11.59802807,0,0.008442211,1.119656446,7.577581808,0,0.001105528
1.398679908,9.446089142,0,0.004120603,1.01159504,6.831882594,0,1.01E-04
1.628769723,10.94095612,0,0.007135678,1.161551671,7.8025062,0,0.001507538
1.651608407,11.11773859,0,0.007437186,1.034430454,6.963228891,0,3.02E-04
1.624529606,10.94884091,0,0.007135678,1.045152363,7.044012555,0,4.02E-04
1.712249468,11.57826828,0,0.008341709,1.045513611,7.069785859,0,4.02E-04
1.55204765,10.51860711,0,0.006130653,1.077808671,7.30457338,0,7.04E-04
1.918663896,12.96054701,0,0.011557789,1.110474679,7.501240481,0,0.001005025
1.66662603,11.29285085,0,0.007738693,1.05613982,7.156272165,0,5.03E-04
1.539490176,10.46594792,0,0.005929648,1.266389369,8.609321055,0,0.002613065
1.775537465,11.91277182,0,0.009246231,1.131708978,7.593075955,0,0.00120603
1.911963101,12.90947027,0,0.011557789,1.344703302,9.079363134,0,0.003517588
1.41221144,9.533703022,0,0.004321608,2.395926466,16.17466814,0,0.020603015
1.771015326,11.79137228,0,0.009246231,1.238597522,8.246548902,0,0.002311558
1.597387338,10.79696148,0,0.006733668,1.034155066,6.989996818,0,3.02E-04
1.742735049,11.70596209,0,0.008743719,1,6.717006179,0,0
1.689318704,11.44867365,0,0.007939698,1.034600106,7.011583398,0,3.02E-04
1.676272963,11.43928774,0,0.007939698,1.011390139,6.901968282,0,1.01E-04
1.749504572,11.78459132,0,0.008944724,1.140618604,7.683160314,0,0.001306533
1.633928901,11.07573113,0,0.007236181,1.170918315,7.937173047,0,0.00160804
1.735017804,11.71980818,0,0.008643216,1.322124686,8.930771594,0,0.00321608
1.612984609,10.88019434,0,0.006834171,1.079297398,7.280271233,0,7.04E-04
1.871299613,12.76869715,0,0.010854271,1.219202103,8.319150132,0,0.002110553
1.598743122,10.74951099,0,0.006733668,1.161186305,7.807498763,0,0.001507538
1.678032453,11.39926172,0,0.007839196,1.239123123,8.417649351,0,0.002311558
1.770361741,11.98012846,0,0.009246231,1.045366187,7.074046462,0,4.02E-04
1.666577415,11.11187988,0,0.007537688,1.204281945,8.02953178,0,0.001909548
1.438174197,9.731419363,0,0.004623116,1,6.766509497,0,0
1.471410206,9.94486002,0,0.005025126,1,6.758727091,0,0
1.711317574,11.56561857,0,0.008341709,1.067434979,7.214058925,0,6.03E-04
1.833891273,12.43266551,0,0.010251256,1.088735809,7.380965465,0,8.04E-04
1.928608237,13.0271355,0,0.011658291,1.505319892,10.1679573,0,0.005427136
1.435553197,9.827045448,0,0.004623116,2.21299224,15.14898602,0,0.016984925
1.612467155,10.94659601,0,0.006834171,1.090064776,7.40014994,0,8.04E-04
1.497448912,10.13608916,0,0.005326633,1,6.768904822,0,0
1.530446549,10.23110348,0,0.005829146,1,6.685044628,0,0
1.443419111,9.743341082,0,0.004623116,1.011708185,6.829213943,0,1.01E-04
1.692983119,11.45555635,0,0.008140704,1.139961522,7.713540257,0,0.001306533
1.483519947,9.952299126,0,0.005226131,1,6.708571157,0,0
1.643888666,11.11126048,0,0.007236181,1.046219914,7.071538495,0,4.02E-04
1.978189079,13.3821679,0,0.012562814,2.053340733,13.89055815,0,0.013869347
1.814985084,12.38753548,0,0.010050251,1.03383999,7.056107335,0,3.02E-04
1.809263549,12.25278024,0,0.009949749,1.149563309,7.78512705,0,0.001407035
1.704454854,11.58189233,0,0.008241206,1.07825607,7.326826917,0,7.04E-04
2.026239634,13.76230489,0,0.013266332,1.491119284,10.12774495,0,0.005226131
1.695809129,11.52700693,0,0.008140704,1.011512549,6.875604079,0,1.01E-04
1.382312899,9.343748957,0,0.003919598,2.127530962,14.3810531,0,0.015175879
1.960870122,13.3107679,0,0.012361809,2.22083991,15.0754934,0,0.017085427
1.65328507,11.18083599,0,0.007437186,1.023155579,6.919396375,0,2.01E-04
1.788179414,12.03978655,0,0.009447236,1.221044626,8.22127609,0,0.002110553
1.931539968,13.10571781,0,0.011758794,1.382129595,9.377906097,0,0.003919598
1.599708644,10.80153458,0,0.006733668,1.181348532,7.976688175,0,0.001708543
1.418012778,9.668386999,0,0.004321608,2.245671605,15.31158427,0,0.017286432
1.669090634,11.23426445,0,0.007537688,1.164977557,7.841195495,0,0.001507538
1.709110099,11.65399521,0,0.008341709,1.209506255,8.247321287,0,0.00201005
1.762472623,11.84760669,0,0.009045226,1.286583214,8.648606332,0,0.00281407
1.831852304,12.48510742,0,0.010251256,1.088466555,7.41851394,0,8.04E-04
1.512855707,10.18363954,0,0.005527638,1,6.731401738,0,0
1.701117853,11.49184642,0,0.008140704,1,6.755467529,0,0
1.671998836,11.41293037,0,0.007839196,1,6.825920045,0,0
1.629810761,11.11602101,0,0.007236181,1.308862826,8.927015957,0,0.003115578
1.826270408,12.36457919,0,0.009949749,1.279410049,8.662116407,0,0.002713568
1.630904348,10.9568917,0,0.007135678,1.152082535,7.740026923,0,0.001407035
1.874162416,12.69296183,0,0.010854271,1.49431544,10.12040828,0,0.005326633
1.534456299,10.32263489,0,0.005829146,1,6.727226377,0,0
1.835819052,12.34310627,0,0.010050251,1.517770528,10.20471103,0,0.005527638
1.74024852,11.65828845,0,0.008643216,1.132714269,7.58828956,0,0.00120603
1.62730706,10.97882514,0,0.007035176,1.011703855,6.825583192,0,1.01E-04
1.764580716,11.92984065,0,0.009145729,1.275599914,8.62397711,0,0.002713568
1.759186734,11.87118939,0,0.009045226,1.35568993,9.148347696,0,0.00361809
1.770133295,11.90498036,0,0.009246231,1.130604218,7.603846019,0,0.00120603
2.015399044,13.43737553,0,0.012964824,1.688591445,11.25843412,0,0.007839196
1.697740936,11.3437091,0,0.008040201,1.132408338,7.566355081,0,0.00120603
1.821837204,12.32941631,0,0.009949749,1.277685137,8.646827463,0,0.002713568
1.41310383,9.554343615,0,0.004321608,1,6.761246703,0,0
1.425030629,9.553906049,0,0.004422111,1,6.704351368,0,0
1.697089863,11.49515681,0,0.008140704,1.045392336,7.080914862,0,4.02E-04
1.487587062,10.02195767,0,0.005226131,1.045610431,7.044336263,0,4.02E-04
1.93283467,13.11859986,0,0.011758794,1.432567606,9.72317058,0,0.004522613
1.799169222,12.21047263,0,0.009547739,1.288149537,8.742320888,0,0.00281407
1.616513473,10.86676281,0,0.006934673,1.078725836,7.251568269,0,7.04E-04
1.389093187,9.338618433,0,0.004020101,1,6.722816382,0,0
1.843720998,12.43575172,0,0.010351759,1.131163528,7.629608166,0,0.00120603
1.786877261,12.06899051,0,0.009447236,1.151784115,7.779421593,0,0.001407035
1.565692311,10.67418093,0,0.006331658,1,6.817547006,0,0
1.927528644,12.01396142,0,0.007437186,1.39787258,8.712704372,0,0.002613065
2.002198782,12.21884647,0,0.008140704,1.63448938,9.974821167,0,0.004522613
1.880436536,11.81268839,0,0.007035176,1.529862449,9.610421857,0,0.003718593
2.053934196,12.81626494,0,0.008743719,1.720692927,10.73688558,0,0.005326633
1.948153251,12.43396102,0,0.007638191,1.749198542,11.16414557,0,0.005628141
2.057105542,12.86580364,0,0.008542714,1.575681534,9.85482213,0,0.003919598
2.120015243,13.27377458,0,0.009447236,2.231085309,13.96920307,0,0.010753769
2.030929642,12.46142473,0,0.008241206,2.012079427,12.34576314,0,0.008040201
1.190047503,7.182093097,0,0.001105528,1.549189911,9.349564737,0,0.003718593
1.326100908,8.014828309,0,0.00201005,2.017944909,12.19626793,0,0.008140704
1.83561771,10.93647268,0,0.006532663,1.382513371,8.236911001,0,0.002512563
1.831422136,11.71260591,0,0.006834171,1.403331106,8.974809187,0,0.00281407
1.25087938,7.837386838,0,0.001507538,1.984045354,12.43103946,0,0.007839196
1.889114752,11.83619346,0,0.006934673,1.362443216,8.53634829,0,0.002311558
1.923825817,12.24646203,0,0.007437186,1.556777359,9.909948521,0,0.003919598
1.964803656,11.87904563,0,0.007939698,1.406279957,8.502256052,0,0.002713568
1.855341393,11.43467238,0,0.006834171,1.19624105,7.372564716,0,0.00120603
1.678501369,10.59396564,0,0.004824121,1.282049437,8.091734645,0,0.001708543
1.989543572,12.26710041,0,0.008040201,1.913754233,11.79979954,0,0.007236181
1.383188629,8.191082098,0,0.002512563,2.480021939,14.68640132,0,0.014170854
1.909934972,11.79135116,0,0.007437186,1.414881548,8.735043558,0,0.00281407
1.949418634,12.17354989,0,0.007738693,1.967985349,12.28949361,0,0.007939698
2.040650693,12.92215986,0,0.008341709,2.270565511,14.37806608,0,0.010954774
1.2752257,7.870730634,0,0.001708543,1.607457349,9.921274172,0,0.004321608
1.988438019,12.15653497,0,0.007939698,1.278923884,7.818842114,0,0.001708543
1.216566864,7.647137106,0,0.001306533,1.400024954,8.800324164,0,0.002613065
1.311612912,8.028700822,0,0.001909548,1.871414838,11.45538422,0,0.006633166
1.865026909,11.76671399,0,0.006733668,1.439690243,9.083205845,0,0.002914573
1.979398422,12.15301334,0.02,0.008241206,1.834157985,11.26127323,0,0.006633166
1.777565711,11.30186199,0,0.005728643,1.395440548,8.872288877,0,0.002512563
1.938851723,11.99648023,0,0.007437186,1.830028054,11.32314303,0,0.006331658
2.023771832,12.64588611,0,0.008643216,1.67325967,10.45565063,0,0.005025126
1.32000878,8.030330314,0,0.00201005,1.954791059,11.89205567,0,0.007638191
1.251485164,7.883519081,0,0.001507538,1.67686862,10.5631502,0,0.004824121
1.9533065,12.20779951,0,0.007638191,1.633100389,10.20657133,0,0.004522613
1.976246095,12.50740736,0,0.008040201,1.634224728,10.34279812,0,0.004623116
1.801250014,11.14407804,0,0.006130653,1.424872989,8.815486836,0,0.00281407
1.368538738,8.429527379,0,0.00241206,1.930752991,11.89249142,0,0.007537688
1.948077665,11.51452356,0,0.007638191,1.450273103,8.572144793,0,0.003015075
1.333959631,8.428859629,0,0.002110553,1.877212779,11.86150064,0,0.006834171
1.33432856,8.103916368,0,0.002110553,1.878061614,11.40622686,0,0.006834171
2.018425029,12.79267996,0,0.008341709,1.621607645,10.27767062,0,0.004422111
1.292703517,7.977653187,0,0.001909548,1.89165778,11.67397591,0,0.007336683
1.388531495,8.65167142,0,0.00241206,2.116618511,13.18824092,0,0.009045226
2.109989222,13.0743658,0,0.009145729,1.891971781,11.72343958,0,0.006834171
2.012324779,12.45431153,0.02,0.008241206,1.567243257,9.699694593,0,0.003919598
1.990535598,12.37258511,0,0.007839196,1.550858252,9.639679757,0,0.003718593
1.977136691,12.18037228,0,0.007939698,1.512887391,9.320312414,0,0.003517588
1.96555114,12.34767558,0,0.007638191,1.379937979,8.668828879,0,0.00241206
2.024745987,12.59874095,0,0.008442211,1.596808741,9.935952362,0,0.004221106
1.894427015,11.65026336,0,0.006934673,1.351085348,8.308844845,0,0.002211055
1.317984556,8.253349993,0,0.00201005,1.882269201,11.78695641,0,0.006934673
2.043227673,13.05774577,0,0.008743719,1.579924166,10.09689149,0,0.004120603
1.970199257,12.30517106,0,0.007939698,1.579733552,9.866459709,0,0.004120603
1.349087551,8.542583281,0,0.002211055,2.139706577,13.54887725,0,0.009648241
1.851950148,11.12142692,0,0.006432161,1.500941052,9.01352892,0,0.003316583
1.915964957,11.99713809,0,0.007437186,1.597504954,10.00304701,0,0.004321608
2.100563736,12.96479334,0,0.009145729,1.903916613,11.75107663,0,0.007035176
1.308689258,8.048702016,0,0.001909548,1.981334887,12.18560785,0,0.007839196
2.067154212,13.272349,0,0.008944724,1.77004202,11.36471353,0,0.005829146
2.016546469,12.49544169,0,0.008442211,1.434802667,8.89069175,0,0.002914573
2.05082383,12.86798942,0,0.008844221,1.884179007,11.82236874,0,0.007035176
1.370753019,8.263001886,0,0.00241206,2.081522973,12.54757642,0,0.009145729
1.216279475,7.747741769,0,0.001306533,1.686297447,10.74177229,0,0.005025126
1.885631569,11.70818087,0,0.006934673,1.774314205,11.01699398,0,0.005829146
1.42708078,8.726950076,0,0.00281407,2.151269029,13.15553939,0,0.009849246
2.139951171,13.02117757,0,0.009849246,1.614643464,9.824784579,0,0.004422111
2.02069266,12.34078152,0,0.007939698,1.550806885,9.471093424,0,0.00361809
2.022210247,12.42113579,0,0.008442211,1.900321821,11.67245365,0,0.007135678
2.109099906,13.15143797,0,0.009246231,1.883811366,11.74663573,0,0.006834171
1.893999225,11.90894589,0,0.007035176,1.574299493,9.898761961,0,0.004020101
2.059018064,13.04225031,0,0.008341709,1.751751054,11.09595691,0,0.005326633
1.960010608,11.62711572,0,0.007437186,1.628258015,9.659103008,0,0.004321608
1.918951633,11.95024345,0,0.007537688,1.783722316,11.10810484,0,0.006130653
1.992933127,11.84754355,0,0.007939698,1.6637375,9.890548867,0,0.004723618
1.861239277,11.77839024,0,0.006934673,1.636618763,10.35693514,0,0.004723618
1.421031576,8.24768301,0,0.002713568,2.469140277,14.33091752,0,0.013567839
1.994745824,12.22787685,0,0.008040201,1.601243493,9.8156908,0,0.004221106
1.393152858,8.915669979,0,0.002613065,1.718756749,10.99941608,0,0.005427136
1.327460336,7.95280939,0,0.002110553,1.812857642,10.86082265,0,0.006331658
2.209449143,13.769482,0,0.010351759,2.095649438,13.06027219,0,0.009045226
2.049900323,12.41422815,0,0.008743719,1.791183646,10.84743594,0,0.006030151
1.303514991,8.422479881,0,0.001909548,1.841693107,11.89984254,0,0.006532663
1.958849831,12.07658669,0,0.007537688,1.251965867,7.718546915,0,0.001507538
1.952364851,12.05249713,0,0.007939698,1.760652864,10.86900513,0,0.005929648
1.771664054,11.18343049,0.02,0.005929648,1.711479069,10.80351953,0,0.005326633
2.039324269,12.84761774,0,0.008442211,1.674829369,10.55132224,0,0.004824121
2.004317523,12.18818142,0,0.008241206,1.58387006,9.631455799,0,0.004120603
2.038626142,12.75128901,0,0.008442211,1.605614609,10.04286931,0,0.004221106
1.901417413,11.38269079,0,0.007035176,1.790083408,10.71619823,0,0.005929648
1.827501565,11.3010056,0,0.006432161,1.56918808,9.703632337,0,0.004020101
1.847217434,11.49496387,0,0.006532663,1.247663562,7.76402783,0,0.001507538
1.934796487,12.09329075,0.02,0.007336683,1.574389581,9.840596201,0,0.003919598
2.021776851,12.65274369,0,0.008442211,1.800603337,11.26858906,0,0.006130653
2.05966031,13.08005971,0,0.008743719,1.976562807,12.55234148,0,0.007839196
2.036007043,12.7319895,0,0.008442211,1.705772966,10.66689998,0,0.005125628
1.833166775,11.47317521,0,0.006331658,1.336724906,8.366112275,0,0.002110553
1.308474281,8.164585002,0,0.00201005,1.839986838,11.48110372,0,0.006733668
1.278819792,7.913202781,0,0.001708543,1.737315767,10.7503278,0,0.005427136
2.006791805,12.63398934,0,0.008341709,1.795778229,11.30552903,0,0.006130653
3.968202129,27.12749159,0,0.015294118,5.39606782,36.88869157,0,0.029161452
3.717988369,25.05904116,0,0.013291615,3.356125732,22.6201065,0,0.010638298
3.849897847,26.12723066,0,0.014443054,3.655200737,24.80592383,0,0.012916145
4.009828093,27.1917269,0,0.015619524,4.252573879,28.83785161,0,0.017697121
4.088465116,27.77300781,0,0.016470588,1,6.793015723,0,0
3.671720195,24.84462724,0,0.013066333,2.637012114,17.84329402,0,0.006232791
3.841673058,26.22221112,0,0.014317897,3.273760525,22.34579527,0,0.010112641
3.835674783,26.0382528,0,0.014317897,4.127681645,28.02052422,0,0.016745932
3.959765718,26.98398838,0,0.015419274,5.228095571,35.62707499,0,0.027659574
3.794797785,25.81472018,0,0.013917397,3.172097417,21.57870112,0,0.009411765
3.118952188,19.70852215,0,0.005556946,4.760503975,30.08141593,0,0.01379224
3.408198721,21.90792922,0,0.006758448,3.367579783,21.64683035,0,0.006583229
2.99372141,19.2141382,0,0.005131414,4.675202644,30.00612863,0,0.013441802
2.969655501,18.82212845,0,0.004981227,4.344799048,27.5379975,0,0.011389237
3.423737576,22.18234364,0,0.006783479,2.610743424,16.9149669,0,0.003679599
3.36925529,20.47205229,0,0.006508135,2.871640097,17.44847486,0,0.004555695
3.193371151,20.63707979,0,0.005932416,4.844598358,31.30809358,0,0.014493116
3.127295329,19.72762774,0,0.005531915,4.589427116,28.9510584,0,0.012640801
3.109161837,19.88690969,0,0.00543179,4.763106981,30.46592082,0,0.01359199
3.167723671,19.66689885,0,0.005657071,4.868892048,30.22864914,0,0.014217772
3.337943858,22.93599844,0,0.012563279,5.103965261,12.71606559,0,0.022839229
3.753617188,21.86298298,0,0.009813829,4.777882846,31.16237931,0,0.022209484
3.982265967,23.76104499,0,0.005218134,3.792737992,35.31544224,0,2.90E-04
3.26780721,22.56654491,0,0.010995,3.438404819,32.79639018,0,0.023763565
3.159592884,22.38971127,0,0.00998412,5.277362063,7.930655185,0,0.018083882
3.52654502,24.21804684,0,0.00696822,3.420340914,27.40569588,0,0.019571872
3.978278283,27.57173117,0,0.006657973,2.514632168,25.12201874,0,0.005193398
3.123076967,21.23935957,0,0.015022985,2.053511173,11.65572641,0,0.017725859
3.914833496,25.15894463,0,0.010476789,1.463950641,18.57080959,0,0.01525271
3.728002956,26.69841633,0,0.011569163,5.042872222,6.838226401,0,0.026420761
3.302810112,24.54585265,0,0.015076424,2.226626403,28.37944571,0,0.023394067
3.088354474,25.91377179,0,0.013241787,4.585175543,26.09324366,0,0.019437953
3.03057421,24.26295347,0,0.015206564,4.633004378,36.08186819,0,0.017652627
3.341357237,22.86082469,0,0.014635723,4.369666817,30.7139708,0,0.02113929
3.345783316,20.46524521,0,0.01102851,2.508488771,15.96040637,0,0.01566522
3.121664574,18.9597462,0,0.014212737,5.187478716,13.58623022,0,0.02196063
3.571345701,21.54402863,0,0.01135331,4.565712781,35.7364997,0,0.015052974
3.014804499,19.7883826,0,0.011261208,3.081461316,17.70963733,0,0.026503731
3.323509398,26.01646158,0,0.009923053,4.166209099,14.22648194,0,0.008181167
3.027599959,27.27490753,0,0.012516382,4.273380529,19.93994235,0,0.010302301
2.999891855,23.52152414,0,0.013185581,3.70288671,14.36130473,0,0.00185528
3.530237594,25.38401395,0,0.007221629,4.109120115,23.16991003,0,0.004137188
3.244365456,25.19075041,0,0.012154598,4.260305525,23.3295569,0,0.001388164
4.034466112,23.72285799,0,0.007094575,3.836374451,21.52436534,0,0.021135614
3.507278877,27.50709493,0,0.007070963,2.545702492,18.35846166,0,0.011960139
3.792639249,25.73168706,0,0.012356249,3.153747608,12.37814977,0,0.018833789
3.473504449,19.62861122,0,0.007009506,4.984918807,34.79842497,0,0.025920852
3.9810441,27.74146593,0,0.011674449,3.906833048,23.57781711,0,0.014529723
3.852463231,26.9917496,0,0.014416914,3.423705687,21.58456875,0,0.026668211
4.035843974,23.72280643,0,0.012479665,4.006406088,11.85207713,0,0.016629612
4.003336189,20.31082176,0,0.008358505,4.154368911,10.24688943,0,0.028099481
3.911821429,21.84958029,0,0.009786914,5.271762379,36.79641367,0,0.019262
3.327976754,21.38098413,0,0.015727322,1.261381721,34.06151434,0,0.029104812
3.978890229,20.3949039,0,0.015849331,2.573910635,23.71776481,0,0.027903945
3.562398336,27.2642155,0,0.015914776,3.721845808,36.55554981,0,0.013916994
3.279400157,21.21255129,0,0.011668923,3.462744646,32.20467194,0,0.021837958
3.434499544,22.13048824,0,0.005558272,2.865417369,30.57265645,0,0.018569878
3.81390357,25.39036988,0,0.006074496,3.708677923,24.26539584,0,0.016977789
3.661974535,22.44703849,0,0.015818282,4.687927506,13.58427297,0,0.015496463
3.171874666,19.20681233,0,0.015973502,4.187547654,18.16133706,0,1.38E-04
3.523872676,26.0171818,0,0.011598413,2.311448055,18.48612565,0,0.011538024
3.073631592,20.28639235,0,0.012482303,3.677895791,30.72348773,0,0.026854178
3.063287585,25.58831737,0,0.015335658,2.118806417,35.31447344,0,0.003567419
3.223806673,25.96322221,0,0.007257315,5.308957626,9.529940114,0,0.007847654
3.582699784,25.172292,0,0.007454571,3.278068401,10.08088717,0,0.017710651
3.061020675,27.71295654,0,0.010557923,2.822509079,27.87924963,0,0.007184736
3.571763208,26.49002074,0,0.013084768,4.113542722,21.27797849,0,0.023053057
3.356874961,19.71581978,0,0.014442546,2.476498623,10.54344046,0,0.011507703
4.012123229,25.30226385,0,0.010008664,4.83292744,13.93555625,0,0.010220876
3.583836898,21.80433148,0,0.014772857,5.377404127,12.51411154,0,0.024044755
3.885916632,20.8301227,0,0.015154027,5.208130538,28.39429664,0,0.004522758
3.333581983,21.59860315,0,0.007010567,3.63962845,13.4874246,0,0.013270029
3.690369997,27.17984478,0,0.015925663,3.271099333,8.096901706,0,0.015760809
3.923707258,27.35133667,0,0.0090975,3.492772972,27.03009455,0,0.023260775
3.940692959,25.1277412,0,0.011133337,1.7429878,30.75601326,0,0.017884235
3.220092465,19.6288586,0,0.005491596,2.09509698,11.54708029,0,0.018506253
3.374611803,25.41491563,0,0.010759349,5.035582717,14.63261058,0,0.023757735
4.030238503,20.09242613,0,0.013558514,4.401910857,24.6101672,0,0.028213465
3.006693779,19.01627501,0,0.007803223,3.312432396,13.8633119,0,0.02251748
3.691235004,22.8336197,0,0.013907718,2.055974307,11.89594123,0,0.021195562
3.113919834,26.58510098,0,0.014537091,4.872210035,29.98940718,0,0.005816572
3.010209672,25.90449481,0,0.011767413,3.377236139,29.38250841,0,0.022113303
3.640220185,20.28177268,0,0.014904605,4.114023151,22.59491482,0,0.028788144
4.045570854,25.75260582,0,0.013818258,1.28856362,15.64226454,0,0.022034514
3.232194771,22.44018225,0,0.005551324,4.586170377,33.94261781,0,0.0242349
3.531938653,20.9798864,0,0.008351355,5.012929099,36.49085888,0,0.006371959
3.088143852,20.16250342,0,0.010759593,5.369628009,32.59675156,0,0.02168157
3.980892341,26.98093332,0,0.013631922,4.769518003,31.79660153,0,9.82E-04
3.021279614,18.96971624,0,0.011519679,2.683187685,29.65617025,0,0.017165525
3.21602043,22.11391094,0,0.006106749,3.032100887,23.77534977,0,0.028245282
3.58656487,19.08170806,0,0.007112601,1.456124501,19.05913492,0,0.019361683
3.297409006,22.76856829,0,0.009923124,4.785294032,31.76687815,0,0.001287087
3.260074671,27.09409294,0,0.006459686,2.698274837,31.39315827,0,0.017986244
3.452458426,26.12475293,0,0.009381948,2.233144209,15.93358663,0,0.020580317
3.706906635,19.61045304,0,0.00654787,5.303948078,29.28635942,0,0.01844093
3.948803528,27.33273577,0,0.012616847,2.601534929,25.6144083,0,0.025571181
4.025360568,26.55940323,0,0.005538502,2.857479218,10.42391967,0,0.010414234
3.632261051,27.43950387,0,0.008033243,1.548611879,28.91472918,0,0.019420842
4.0676055,19.80074019,0,0.007213979,5.073550337,28.39635132,0,0.022043069
3.516050597,23.96807438,0,0.015227602,1.87041563,31.77106686,0,0.02041804
3.356070023,23.69670094,0,0.006721184,3.584159271,25.33802543,0,0.009043706
2.984886999,19.02835377,0,0.005017766,4.184802008,14.12687456,0,0.025418134
3.907319894,27.38310587,0,0.016150869,1.100048202,18.45026932,0,0.016619223
3.695058709,19.6375744,0,0.006383317,1.857735516,14.50591099,0,0.024560896
3.972621391,25.96747372,0,0.014875352,2.424474435,35.45477097,0,0.011135652
3.397191609,23.1457931,0,0.011950097,1.745101467,32.86411225,0,0.006935764
3.055214739,26.41516206,0,0.006916716,1.890109474,34.14171444,0,0.020256235
3.704192085,22.75019631,0,0.008190401,4.688867465,8.602292849,0,0.001639342
3.60611207,20.34017461,0,0.007852548,3.243707128,29.5465883,0,0.008504403
3.325023366,24.52695025,0,0.010278999,2.463256059,22.78317955,0,0.009914477
3.271249353,20.70322001,0,0.012732086,4.746978786,16.52364442,0,0.013564271
3.280676566,23.17677102,0,0.010576509,2.057525552,17.37971932,0,0.026604946
3.723773997,27.38826731,0,0.005587673,2.272117514,16.44596936,0,0.010556469
3.791851324,20.03033762,0,0.006677754,3.127632238,11.6633999,0,0.022848926
3.642463167,25.14669327,0,0.014427271,4.656801086,31.57969955,0,0.001367707
3.537550211,26.88094318,0,0.013131062,4.871069708,13.75209679,0,0.005085838
3.659376211,25.17827135,0,0.008625143,3.030606337,18.14485888,0,0.02146961
3.487540172,25.99234229,0,0.00843227,1.564131929,30.77233414,0,0.008689713
3.140245222,25.23948536,0,0.007473518,1.584810029,8.693004486,0,0.004357351
3.39980282,20.31884212,0,0.015934158,3.134695868,19.95995161,0,0.018102903
3.431436218,23.01445827,0,0.005354868,4.706368524,11.98725473,0,0.010834245
3.628050203,25.03806097,0,0.015397375,4.548831422,18.75446325,0,0.010017057
3.772996453,23.34372663,0,0.010416117,1.138460634,23.89315168,0,0.009328045
3.971988683,21.27905615,0,0.008396876,2.823939393,26.51076008,0,0.027406305
3.567756658,23.56188597,0,0.015957169,2.053885843,14.46136587,0,0.00552684
3.89025409,20.84174721,0,0.013580178,1.370800402,33.06394241,0,0.020793649
3.65409953,21.59553968,0,0.011062146,2.455442594,30.5757117,0,0.020994714
3.422186586,22.32913434,0,0.01181942,4.357877576,13.44949367,0,0.011280894
3.366595132,23.54880277,0,0.011166214,4.990767682,33.90891848,0,0.010182563
3.355357764,23.77146258,0,0.008565855,4.297154084,13.20929537,0,0.021947505
3.852227338,24.06628874,0,0.013161569,4.837354624,30.02954112,0,0.009485583
3.891827423,22.39230269,0,0.007537738,4.248660788,11.55918879,0,0.007099744
3.261913899,22.07643292,0,0.01118846,1.344336243,10.76603885,0,0.020600442
3.729823765,23.87931015,0,0.008801231,1.666327152,23.02975445,0,0.012508032
3.24927872,19.87673788,0,0.011286317,2.467348882,22.8310315,0,0.022525699
3.9236339,22.02929014,0,0.01635275,2.672075888,32.4950865,0,0.02404983
3.500698283,26.94508239,0,0.010586087,3.04801664,11.1101537,0,0.014560346
3.180025465,27.2826538,0,0.016319407,4.294450062,30.63124491,0,0.023802428
3.483548404,25.02357045,0,0.006790136,4.584354362,24.42963,0,0.013918237
3.142663142,19.53689456,0,0.007824501,4.013990869,18.92552061,0,0.023730475
3.466760974,22.88641578,0,0.005228094,1.272571837,31.46290433,0,0.005581273
3.723180935,22.92867963,0,0.01609588,3.359432391,18.05378479,0,0.01722103
3.11665412,19.75760713,0,0.005551999,2.679583948,22.3810034,0,0.025449249
3.728399884,26.00210368,0,0.012458873,5.085305176,7.789813728,0,0.024817382
3.476199321,25.8435382,0,0.006878953,2.956103594,19.31217761,0,0.017745118
3.713878443,19.33289117,0,0.007133045,5.046064529,8.748365016,0,0.028392685
3.916361237,19.74627261,0,0.016335588,1.088914395,11.63982817,0,5.33E-04
3.206841997,19.7384905,0,0.015093144,3.723472559,7.672648877,0,0.022880168
3.759227633,20.23421447,0,0.006787977,5.199816513,14.55644077,0,0.00308229
3.283578445,18.93640809,0,0.009884907,2.56371336,13.98446104,0,0.006259851
3.052693219,27.15808962,0,0.010666554,2.75332182,10.18565905,0,0.016296117
3.391728963,21.03250532,0,0.010948934,4.935545906,14.50731727,0,0.016313151
3.768486326,23.84723263,0,0.009239296,2.100936445,15.75188045,0,0.009134312
3.649948934,24.3774076,0,0.012606233,1.105021351,28.64908534,0,0.004383969
3.299821184,19.32935068,0,0.006801554,3.853375577,15.91902787,0,0.018496476
3.84117723,27.62576736,0,0.014955143,4.654461169,29.15874197,0,0.016894011
3.431112297,23.40940335,0,0.005439952,1.72385146,34.13217099,0,0.012013419
2.983083747,19.59078753,0,0.006826247,2.376574753,24.62094463,0,0.027567649
3.926294181,20.5707084,0,0.007903962,1.613537889,10.15971486,0,0.020737568
3.354066852,25.84128093,0,0.01388695,3.129410061,22.59964138,0,0.004140302
3.78784929,19.22267135,0,0.009318596,4.321481729,21.43316904,0,0.017594404
3.797704506,25.40110957,0,0.005203721,2.648504812,8.806102837,0,0.016942769
3.841691014,23.74661636,0,0.016459662,5.128520801,16.55489963,0,0.007434326
3.934365289,20.85090548,0,0.015702186,4.415442769,11.35743712,0,0.013389075
3.019042592,20.78110518,0,0.014719774,1.310555524,24.94501918,0,0.024838256
3.465029547,23.99729835,0,0.00649301,3.893615539,22.87375426,0,0.025686996
3.200292779,27.11437085,0,0.008189579,2.356098553,8.433973362,0,0.023992389
3.723034464,23.97631193,0,0.014714092,2.867833962,24.25079643,0,0.023593543
3.733178161,21.12637956,0,0.006943795,1.746789985,13.82816315,0,0.023035584
3.269610423,20.46602373,0,0.015064582,3.34961602,25.9999159,0,0.018453906
4.062629464,20.06939695,0,0.009679321,2.273971956,17.99066876,0,0.00271125
3.166164685,20.70516529,0,0.00825642,3.981893402,20.60340134,0,0.006135895
3.276771622,22.24343859,0,0.016169255,2.791624743,15.11658822,0,0.017985355
3.409780138,27.76994029,0,0.011352457,1.676433353,33.09802519,0,0.002503509
3.655996303,25.55241437,0,0.014808947,2.391477574,9.644768688,0,0.004738946
3.170796051,24.86308537,0,0.016423024,2.287747241,12.88076437,0,0.009258985
3.999225079,21.9205891,0,0.014066807,3.719736454,36.50404226,0,0.00847812
4.085264378,18.84393761,0,0.009535557,2.679883637,36.26980949,0,0.019115349
3.718309089,25.53636662,0,0.01051639,4.708744107,7.986618867,0,0.027493219
3.219841824,26.88212803,0,0.01278954,5.255342702,10.92208879,0,0.022847403
2.990364035,20.13730941,0,0.013597493,4.555808455,14.57394145,0,0.005016427
3.101846161,26.38945081,0,0.012384617,3.548575416,31.75376146,0,0.019289231
3.631588226,20.53652661,0,0.010572451,3.309999205,9.945544367,0,0.02409909
4.030499421,24.38873969,0,0.014299918,2.654929822,7.925593572,0,0.009146499
3.998706108,19.3677578,0,0.009760578,1.363493876,26.68512552,0,0.019943495
3.302587094,21.61470265,0,0.013789334,2.150835869,23.37156533,0,0.006386363
3.853563038,22.60455567,0,0.01487018,1.089318629,22.67154238,0,0.01273831
3.671605515,27.29000243,0,0.006840531,1.457296735,6.944404523,0,8.42E-04
4.052939,21.15378393,0,0.01286888,1.285511786,10.1088575,0,0.0116161
3.87307256,19.76700376,0,0.005317977,4.31937343,8.805182869,0,0.012355649
3.537160066,24.46133202,0,0.005941333,1.600902483,7.530365571,0,0.015441413
3.246952214,23.36917586,0,0.012682886,2.757228159,29.97413947,0,0.02718404
3.719682904,27.6523928,0,0.013129932,5.343667603,13.65089702,0,0.025951941
3.976611907,25.3785247,0,0.011604116,1.848550946,7.513764719,0,0.025709758
3.175033763,22.10860624,0,0.009039039,1.994532199,28.89421799,0,0.01693628
3.768729409,25.11430136,0,0.007202236,5.054035557,35.88953553,0,0.016139684
3.269212485,21.93587097,0,0.011814175,2.283052473,22.80940725,0,0.025240326
3.523823989,26.46540002,0,0.015931383,2.231529519,32.82262197,0,0.023790171
3.533353636,20.96306151,0,0.011882339,3.620442456,25.80993997,0,0.011351338
3.52105249,20.75613759,0,0.010406877,2.457645785,14.73580444,0,0.005523233
